class,title,description,link
0,日本のビールメーカー一覧 - Wikipedia,日本のビールメーカー一覧（にほんのビールメーカーいちらん）は、日本のビールおよび地ビールを製造している企業と醸造場の一覧。 目次. 1 大手メーカー; 2 地ビールメーカー. 2.1 北海道; 2.2 青森県; 2.3 秋田県; 2.4 岩手県; 2.5 山形県; 2.6 宮城県; 2.7 福島県 ..,https://ja.wikipedia.org/wiki/%E6%97%A5%E6%9C%AC%E3%81%AE%E3%83%93%E3%83%BC%E3%83%AB%E3%83%A1%E3%83%BC%E3%82%AB%E3%83%BC%E4%B8%80%E8%A6%A7
0,ビール業界の動向・ランキング・売上高シェア等-業界動向サーチ,"ビール業界の動向、現状、シェア、売上高、純利益、勤続年数、平均年収等のランキングを掲載しています。対象企業の過去の業績を追うことでビール業界全体の現状や動向、傾向を知ることができます。 業界規模. 3兆2,822億円. (68位/126業界). 伸び率.",https://gyokai-search.com/3-beer.htm
1,企業情報 | アサヒビール,アサヒビールについて. トップメッセージ; グループ理念・長期ビジョン・会社概要; 事業案内; 事業場一覧; 歴史・沿革; グループ会社一覧; アサヒグループホールディングス; IR・投資家情報. 採用情報. 採用情報. ニュースリリース. ニュースリリース. お客様相談室.,https://www.asahibeer.co.jp/corporate.html
1,ビール事業のグループ企業一覧 会社案内 サントリー企業情報,ビール事業の関連企業 · サントリービール · サントリー酒類 ※. ワイン事業の関連企業 · サントリーワインインターナショナル · サントリー酒類 ※. 中国事業の関連企業 · サントリー（中国）ホールディングス · 健康食品事業の関連企業 · サントリーウエルネス.,https://www.suntory.co.jp/company/group/beer.html
1,企業情報 - キリンビール,キリングループの企業情報。グループ各社の企業情報、研究開発、採用情報を紹介しています。,https://www.kirin.co.jp/company/
0,"14年連続縮小""ビール会社""に残された道 | プレジデントオンライン",国内ビール大手5社が2018年のビール類の出荷量（課税出荷数量）を発表した。それによると、ビール類出荷量は14年連続で過去最低を更新した…,https://president.jp/articles/-/27361
1,企業情報 | サッポロビール,「⭐乾杯をもっとおいしく。」サッポロビールの企業情報です。黒ラベルやヱビスをはじめとした商品情報のほか、レシピやサッポロのお酒が飲めるお店情報、工場見学など、乾杯をもっとおいしくする情報をお届けします。,https://www.sapporobeer.jp/company/
1,会社概要 | 企業情報 | サッポロビール,「⭐乾杯をもっとおいしく。」サッポロビールの会社概要のページです。黒ラベルやヱビスをはじめとした商品情報のほか、レシピやサッポロのお酒が飲めるお店情報、工場見学など、乾杯をもっとおいしくする情報をお届けします。,https://www.sapporobeer.jp/company/overview/
1,キリンビール株式会社 | グループ会社一覧 | 企業情報 | キリンホールディングス,"キリンホールディングスのグループ会社「キリンビール株式会社」をご紹介します。
従業員数‎: ‎5,041名（2019年1月1日時点）	事業所‎: ‎本社、営業拠点46、工場9、研究所ほか2
資本金‎: ‎300億円	事業内容‎: ‎酒類の製造、営業、販売",https://www.kirinholdings.co.jp/company/organization/kirinbrewery/index.html
0,30代で年収1000万も!?ビール大手3社の社員満足度 | クチコミから徹底 ...,ビールが美味しい季節になりました。しかし、ビール系飲料の出荷量は4年連続マイナスになっています。それぞれのメーカーが新商品開発やプロモーションに力を入れている中、トップ3メーカーの企業文化や働く環境はどのようなものなのでしょうか。,https://diamond.jp/articles/-/98423
0,クラフトビールメーカー141社の経営実態調査 | 株式会社 帝国データバンク …,2018/8/8. クラフトビールメーカー141社の経営実態調査. クラフトビールメーカー、6割が増収～ 主業メーカーの企業数、トップは北海道、2位は静岡 ～. はじめに. 近年、クラフトビール（小規模なビール醸造所で製造される地ビール）が広く普及し、多くの人が様々 …,https://www.tdb.co.jp/report/watching/press/p180803.html
0,ビール業界の世界ランキング2016年。トップ10企業の特徴まとめ,2017/04/21 - 出所：Business Insiderビールメーカーの世界ランキング2016年版。ビール業界の世界トップ10企業について特徴をざっくりとまとめています。就活と転職の業界研究にお役立てください。詳細を解説する前に全体像から。上の画像に示したよ.,http://nomad-salaryman.com/post-5726
1,企業情報 | アサヒグループ ... - アサヒグループ会社・事業所一覧,アサヒグループの日本国内および海外の事業場を掲載しています。,https://www.asahigroup-holdings.com/company/group/
0,アサヒビールの企業研究 - iroots search,M＆Aで業界再編の波に乗り、増収増益を続けているアサヒビールホールディングのアサヒビール。初任給や平均年収などの基本情報をはじめ、ビール業界でのシェアや競合との比較、選考フローや過去のES・面接などの採用情報をまとめた企業研究記事です。,https://iroots-search.jp/9215
0,一人勝ちキリンビール、「本麒麟」はなぜ売れた：日経ビジネス電子版,2018/12/21 - 「2018年はキリンビールの一人勝ち」。ビール業界でこういわれるほど、強さを見せつける。3月に発売した第三のビール「本麒麟」が大ヒット。主力ビールの「一番搾り」も堅調だ。ヒット商品はなぜ生まれたのか。これまで「聖域」扱いだった …,https://business.nikkei.com/atcl/NBD/15/257889/121700143/
0,ビール4社の業績はM&Aで明暗、海外ライバル企業の売上規模に迫れるか …,ビール4社の経営が堅調に推移している。特にサントリーホールディングスとアサヒグループホールディングスは、海外企業の買収効果が明らかだ。今期の増収を見込む4社の、主な経営指標と従業員平均年間給与をチェックしてみよう。,https://moneyzine.jp/article/detail/215997
0,アサヒビール株式会社の新卒採用・企業情報｜リクナビ2020,【リクナビ2020】アサヒビール株式会社の2020年度新卒採用・企業情報。世界中で『うまい！』を創ろう！,https://job.rikunabi.com/2020/company/r694200036/
0,ビール大手が繰り広げる買収合戦、鼻で笑う海外メジャー | 企業戦略 | 東洋 …,2011/08/25 - 「こんないい案件はめったにない」。8月2日、都内で開かれたキリンホールディングス（HD）の緊急記者会見。その席上、三宅占二社長が手放しで喜んだ買収先は、ブラジル2位のビール大手スキンカリオール・グル…,https://toyokeizai.net/articles/-/7547/
0,アサヒビール 「社員クチコミ」 就職・転職の採用企業リサーチ OpenWork（旧 …,アサヒビール株式会社の「社員・元社員のクチコミ情報」。就職・転職前に採用企業「アサヒビール」の働く環境、年収・給与制度、入社後ギャップなどをリサーチ。就職・転職のための「アサヒビール」の社員クチコミ情報、企業分析チャート、求人情報、業界 …,https://www.vorkers.com/company.php?m_id=a0910000000Fqlb
0,アサヒビール株式会社の企業情報 | キャリタス就活2021,私たちはこんな事業をしています。 アサヒグループは2020年までの長期ビジョンとして『食の感動（おいしさ・喜び・新しさ）』を通じて、世界で信頼される企業グループを目指しています。この長期ビジョン実現に向けて2011年7月1日に純粋持株会社を設立し、 …,https://job.career-tasu.jp/2021/corp/00000667/
0,自転車メーカー一覧 - Wikipedia,自転車メーカー一覧（じてんしゃメーカーいちらん）では、自転車の完成品・部品のメーカーと、それに準ずるブランドを挙げる。 目次. 1 完成車. 1.1 日本; 1.2 アメリカ・カナダ; 1.3 イギリス; 1.4 イタリア; 1.5 ドイツ; 1.6 オーストリア; 1.7 スペイン; 1.8 スイス; 1.9 ...,https://ja.wikipedia.org/wiki/%E8%87%AA%E8%BB%A2%E8%BB%8A%E3%83%A1%E3%83%BC%E3%82%AB%E3%83%BC%E4%B8%80%E8%A6%A7
0,【リクナビ】自転車 メーカー 求人の就職準備・インターンシップ情報,自転車　メーカー　求人に関する就職情報が満載のリクナビ！2021年卒業予定の方へ、インターンシップ検索はもちろん、自己分析や企業研究など就職準備活動に役立つ情報を提供しています。,https://job.rikunabi.com/kw/%E8%87%AA%E8%BB%A2%E8%BB%8A%E3%80%80%E3%83%A1%E3%83%BC%E3%82%AB%E3%83%BC%E3%80%80%E6%B1%82%E4%BA%BA/
1,HODAKA(ホダカ株式会社) 自転車・用品・企業情報サイト,marukin（マルキン）、NESTO（ネスト）、KhodaaBloom（コーダーブルーム）という3つのブランドを展開しているホダカ株式会社のウェブサイトです。自転車を開発・販売するだけでなく、皆様へ自転車に乗る楽しみを提供いたします。,http://hodaka-bicycles.jp/
1,企業情報 | ブリヂストンサイクル株式会社,... FAQ（よくある質問） · お問い合わせ窓口、カタログ請求 · 自転車、パーツ、取扱説明書ダウンロード · ニュースリリース・お知らせ · 重要なお知らせ · ニュースリリース · お知らせ · 企業情報 · 社長メッセージ · ブリヂストングループ企業理念 新しいウィンドウでリンク …,https://www.bscycle.co.jp/company/
0,全国自転車安全利用モデル企業 - （公財）日本交通管理技術協会,自転車の安全利用や、交通事故防止に積極的に取り組み、他の模範となる活動を行っている企業を「全国自転車安全利用モデル企業」に認定しています。,https://www.tmt.or.jp/safety/index9.html
0,20代男性「自転車メーカーへの就職はどのようにすればいいですか …,2016/09/06 - いつも記事を拝見しております。毎回異なるテーマが取り上げられており、楽しみにしています。 私の悩みなのですが、自転車メーカーへの就職はどのようにすればできるのか、また、現実的な選択としては良いものなのかどうかです。,https://cyclist.sanspo.com/282940
0,自転車安全利用モデル企業 警視庁 - 東京都,自転車安全利用モデル企業制度 · 自転車安全利用モデル企業の活動状況等 その1 · 自転車安全利用モデル企業の活動状況等 その2 · 自転車安全利用モデル企業の活動状況等 その3 · 自転車安全利用モデル企業の活動状況等 その4 · 自転車安全利用 …,https://www.keishicho.metro.tokyo.jp/kotsu/jikoboshi/bicycle/modelkigyo/index.html
0,【自転車】関連が株式テーマの銘柄一覧 | 株探,環境に優しく健康志向の自転車は近年、その価値が見直され利用者や愛好者が増えている。東日本大震災で交通機関が麻痺するなか、自転車は災害に強い乗り物としても再評価された。自転車生産は海外メーカーが主流となったが、日本企業は自転車部品の …,https://kabutan.jp/themes/?theme=%E8%87%AA%E8%BB%A2%E8%BB%8A
0,街の自転車屋さんが上場企業に急成長を遂げたワケ（週刊現代） | マネー …,全国440店の自転車販売店「サイクルベースあさひ」を展開するあさひを取材した。社長の下田佳史氏（45歳）は、創業者の父と共に、街の自転車屋を売り上げ480億円の東証一部上場企業に育てた人物。彼が事業に成功した秘訣を探った。,https://gendai.ismedia.jp/articles/-/50687
0,自転車 メーカー 就職に関する企業情報｜マイナビ2021 - 学生向け就活 …,自転車 メーカー 就職など学生向けインターンシップ・就職情報サイト。インターンシップ情報や就活スケジュールなどの就活準備コンテンツを提供しています。,https://job.mynavi.jp/word/%E8%87%AA%E8%BB%A2%E8%BB%8A%E3%80%80%E3%83%A1%E3%83%BC%E3%82%AB%E3%83%BC%E3%80%80%E5%B0%B1%E8%81%B7/
1,企業理念(ミッションとビジョン) - 公式バーレー(Burley)自転車用ベビーカー ...,ミッション. バーレーのミッションは冒険を可能にすることです。自転車旅行から週末の散歩まで、我々はアウトドアへの情熱を追いかけ、共有する人たちを揺さぶり続けます。 ビジョン. バーレーのビジョンはサイクリスト・冒険家・探検家の次世代を築くことです。,https://www.riteway-jp.com/bicycle/burley/about-us/
0,中小企業庁：Vol.1 老舗自転車メーカーが、車イス製造販売に挑戦 …,Vol.1 老舗自転車メーカーが、車イス製造販売に挑戦. 老舗の自転車メーカーが、新市場開拓を目指し、子会社A社を設立して車イスの製造販売に参入しました。 自転車メーカー自体だけでなく、自転車メーカーの役員4人(どの役員も一族で50%超の自転車 …,https://www.chusho.meti.go.jp/keiei/chiiki/angel/example/case1.html
0,自転車メーカーはこれだけ知っていればOK！押さえておくべき10社 …,2017/11/07 - 自転車の主要すぎるメーカー10選！自転車に乗っているとよく見かけ、おすすめのブランドでもあります。たくさんありすぎてよくわからない、どの自転車メーカーを選ぼうか悩んでいる人は、これを読めば一発解決！気軽にさらっと自転車メーカー …,https://camphack.nap-camp.com/2417
0,企業への優遇税制による自転車通勤奨励政策 （オランダ）,1. 企業への優遇税制による自転車通勤奨励政策. （オランダ）. デュッセルドルフ・センター. オランダは、海抜 0 メートル以下の地帯が国土の 4 分の 1 を占め、最も海抜が高いとこ. ろでも約 321m という平坦な地理的条件もあり、自転車の利用に適している。,https://www.jetro.go.jp/ext_images/jfile/report/05001329/05001329_001_BUP_0.pdf
0,自転車通勤者に、企業・総務はどう対応するか | 総務マガジン | 大塚商会,2018/04/25 - エコ＆健康ブームにより自転車通勤をする人が増えています。一方で自転車による事故も増加しており、社会問題にもなっています。申請や許可など、自転車通勤の管理についてまとめました。,https://www.otsuka-shokai.co.jp/media/soumu/news/work/no23.html
0,報道発表資料：企業・団体等の自転車通勤の導入を促進し ... - 国土交通省,平成30年6月に閣議決定された自転車活用推進計画に基づき、事業者活動における自転車通勤や業務利用を拡大するため、自転車活用推進官民連携協議会において「自転車通勤導入に関する手引き」を策定しました。 「自転車通勤導入 …,http://www.mlit.go.jp/report/press/road01_hh_001172.html
1,業情報 | 新家工業株式会社 ARAYA | 鋼管・型鋼や自転車・リムなどの製造,社長挨拶・経営理念・会社概要・事業所・アラヤグループ・役員・組織図・コンプライアンス・女性活躍推進／次世代育成支援対策・ソーシャルメディアポリシー・会社沿革を公開しています。,https://www.araya-kk.co.jp/company/
0,自転車メーカーの人気おすすめランキング13選！特徴や評価含めて徹底 …, 自転車メーカーは国産や海外を含めると多数あり、それぞれ技術革新により日々新機能のバイクを生産し、買う方からするとどこがおすすめで人気がありランキングがどうなのか迷うほどですね。 そこで今回は人気のおすすめ自転車メーカーを …,https://kurashi-no.jp/I0023961
0,自転車安全利用推進優良企業について／大阪府警本部,自転車安全利用推進優良企業について. 「自転車安全利用推進優良企業」認定制度とは · 「自転車安全利用推進優良企業」の認定を受けるためには · 自転車安全利用推進優良認定企業名一覧 · 企業セミナーの開催 · 各企業の取組 · 「自転車安全利用推進優良 …,https://www.police.pref.osaka.lg.jp/kotsu/taisakushitsu/4/index.html
0,あなたにピッタリの自転車選び | 自転車の選び方に困ったら‎,通勤・通学・サイクリングなど、 簡単検索で“安全基準クリア”した1台を！ 自転車選びのポイントとは・自転車でもっと健康に。,https://www.bicycle-select.jp/?gclid=Cj0KCQjwsvrpBRCsARIsAKBR_0LQq6eLVVsuAHxPHrRHcw7pWXoGkJ2_VWTvb1fwq1VVX9o58m_PXNwaApOQEALw_wcB
0,文房具メーカー約170社の一覧（公式サイト・倒産情報・SNSなど）,2019/02/23 - 文房具や事務用品メーカーの一覧をまとめました。日本の主要な文具メーカーはもちろん、海外ブランドの文具メーカーもまとめて、全部で170社ほど掲載しています。 よくあるリンク集のような、公式サイトのリンクと簡単なコメントだけの一覧 …,http://pasokatu.com/8858
0,文房具業界の会社一覧（全国）｜Baseconnect,文房具メーカー「コクヨ」の総合事業を行う会社である。文房具や事務用品などを豊富に取り扱う、オフィス用品等の国内大手の文具メーカーである。その他、 ... 写真関連用品「フエルアルバム」やノート、手帳およびファイルなどの文房具の製造を行う。その他に …,https://baseconnect.in/companies/category/1b68d7db-7391-4292-8cc5-cb044ad0ef5e
0,文具メーカーのイメージ調査、1位はコクヨ - 全ての項目で1位に | マイナビ …,2014/06/02 - マイボイスコムは、5月1日～5日にかけて「文房具メーカーのイメージ」に関するインターネット調査を実施した。有効回答数は、1万661件。,https://news.mynavi.jp/article/20140602-a106/
1,文房具・紙製品のメーカー一覧｜【東急ハンズネットストア】,東急ハンズの公式ネット通販「ハンズネット」へようこそ。こちらはスタッフが厳選した人気の文房具・紙製品をメーカー・ブランドから商品を探すことが出来るページです。スマートフォン、タブレットからもご利用頂けます。,https://hands.net/cate/stationery/maker_list/
0,文房具 - Wikipedia,"日本の文具メーカー に移動 - 日本のメーカー」としてまとめたが、日本に本社がある、といった程度の意味であり、販売に関してはローカルに限っておらず世界各国で行っているところも多く、各分野（各 マーケットセグメント）ごとに分析すると世界シェアで ...
‎概説 · ‎文房具の分類 · ‎事務用具 · ‎文具メーカー",https://ja.wikipedia.org/wiki/%E6%96%87%E6%88%BF%E5%85%B7
0,文具・事務用品メーカー,メーカーリンクサイト. アイウエオ順 文具・事務用品メーカー. OA機器メーカー ... アロン化成(株) · （株）共和 · サンスター文具（株） · （株）トンボ鉛筆 · イメーション（株） · 極東ノート（株） · サンビー（株） · （株）内田洋行 · （株）キングジム · シモジマ商事（株）.,http://www.tokyo-crown.co.jp/root/09.mlink_a.html
0,文房具メーカーへ就職するための業界研究｜職種・平均年収も紹介 | 就活 …,文房具メーカーとは？ 文房具メーカーへの就職を目指すのであれば、業界についての理解を深めておくことが大切です。文房具メーカーは文房具を生産、販売などをおこなっている業界ですが、他にも仕事はたくさんありますし、就活生には…,https://shukatsu-mirai.com/archives/76160
0,文房具メーカーは､知られざる優良企業だ | 就職四季報プラスワン | 東洋 …,2016/12/24 - 就職活動をする大学生なら、誰もが文房具を使っているだろう。しかし、文房具メーカーの名前を何社あげることができるだろうか。さらに、その会社の事業内容まで知っている就活生となると、ほとんどいないのではないか。 今回は就活生が企業 …,https://toyokeizai.net/articles/-/150535
0,求人ボックス｜文具 メーカー 正社員の転職・求人情報,文具 メーカー 正社員のお仕事を655件掲載中！希望の年収・月給、こだわり条件であなたにぴったりの最新求人を簡単に探せます。職種や勤務地の変更も自由自在。転職・就職に役立つ求人検索は求人ボックス！,https://xn--pckua2a7gp15o89zb.com/%E6%96%87%E5%85%B7-%E3%83%A1%E3%83%BC%E3%82%AB%E3%83%BC-%E6%AD%A3%E7%A4%BE%E5%93%A1%E3%81%AE%E4%BB%95%E4%BA%8B
0,求人ボックス｜文房具 製造の仕事・求人情報,文房具 製造の求人は703件あります。【求人ボックス】正社員・アルバイト・パート・派遣の仕事・転職・採用情報をまとめて検索.,https://xn--pckua2a7gp15o89zb.com/%E6%96%87%E6%88%BF%E5%85%B7-%E8%A3%BD%E9%80%A0%E3%81%AE%E4%BB%95%E4%BA%8B
0,【リクナビ】文具 メーカー 就職の就職準備・インターンシップ情報,文具 メーカー 就職に関する就職情報が満載のリクナビ！2021年卒業予定の方へ、インターンシップ検索はもちろん、自己分析や企業研究など就職準備活動に役立つ情報を提供しています。,https://job.rikunabi.com/kw/%E6%96%87%E5%85%B7%E3%80%80%E3%83%A1%E3%83%BC%E3%82%AB%E3%83%BC%E3%80%80%E5%B0%B1%E8%81%B7/
0,【リクナビ】文房具 製造 販売 株式会社の就職準備・インターンシップ情報,文房具 製造 販売 株式会社に関する就職情報が満載のリクナビ！2021年卒業予定の方へ、インターンシップ検索はもちろん、自己分析や企業研究など就職準備活動に役立つ情報を提供しています。,https://job.rikunabi.com/kw/%E6%96%87%E6%88%BF%E5%85%B7%E3%80%80%E8%A3%BD%E9%80%A0%E3%80%80%E8%B2%A9%E5%A3%B2%E3%80%80%E6%A0%AA%E5%BC%8F%E4%BC%9A%E7%A4%BE/
0,文具メーカー 売上高のランキング 1～10位(業績・動向・現状) | 転職 ...,文具メーカーの売上高ランキングを最新年度のデータをもとに紹介。,https://www.tensyoku-station.jp/industry/%E6%96%87%E5%85%B7%E3%83%A1%E3%83%BC%E3%82%AB%E3%83%BC/co_sales/
0,[有りそうで]文房具メーカーまとめ一覧[無かった] - NAVER まとめ,2013/04/07 - 文房具メーカのホームページをざっくりまとめてみました。抜けてるメーカさんがありましたら、連絡いただけますと助かります。,https://matome.naver.jp/odai/2136480340546705001
0,オシャレで使える！日本の文房具ブランドがハイセンスで素敵 - NAVER ...,2017/02/28 - 文房具ブランド・メーカーといえば、モレスキンやロディアなどの海外ブランドを思い浮かべる人も多いかもしれません。海外だけでなく、日本のステーショナリーブランドも使…,https://matome.naver.jp/odai/2138668107600622601
0,【満足度NO1！】文具メーカーランキング!｜ランキングー！,2017/08/25 - 文具はみんな同じじゃない…企業努力により、何年もかけて消しゴムやボールペンを開発をしているのです。 我々の日常にそっと寄り添っている文具たち。今回はそんな文具を生み出してきた「文具メーカーランキング」！ TOP5をどうぞ！,https://rankingoo.net/articles/life/20170825-4
1,ミドリ - MIDORI - 「デザイン文具」の総合メーカー,株式会社デザインフィルの文房具ブランド「MIDORI（ミドリ）」の公式（オフィシャル）サイト。 レターセット、日記、ダイアリー、金封、MD PAPER PRODUCTS、XS、Chotto、ペーパークラフトミュージアム、 オジサンなど、「暮らしに彩りを」をテーマに、デザインの …,https://www.midori-japan.co.jp/
0,文房具・事務・オフィス用品-メーカー（素材・化学・食品・化粧品・その他）の …,文房具・事務・オフィス用品-メーカー（素材・化学・食品・化粧品・その他）の転職・求人情報ページ。パーソルキャリアが運営する転職サイトのdoda（デューダ）では、大手・優良企業を中心に豊富な求人情報を掲載中。エージェントサービスでは、キャリア …,https://doda.jp/DodaFront/View/JobSearchList/j_ind__0309S/-preBtn__2/
0,大手文房具メーカーの求人 | Indeed (インディード),Indeed.com で大手文房具メーカーの200件の検索結果: 製造、工場作業員、文房具・日用品のピッキングなどの求人を見る。,https://jp.indeed.com/%E5%A4%A7%E6%89%8B%E6%96%87%E6%88%BF%E5%85%B7%E3%83%A1%E3%83%BC%E3%82%AB%E3%83%BC%E9%96%A2%E9%80%A3%E3%81%AE%E6%B1%82%E4%BA%BA
0,文房具会社 就職 | 文房具会社 就職検索‎,"文房具会社 就職入手。瞬時に得られる質の高い検索結果を今すぐ体験！ 高性能で簡単に使える・100以上の良質な検索結果・関連する情報を調べる・関連する情報を今すぐ検索・優良な情報を今すぐ検索・良質な検索結果をチェック・タイプ: ニュース, ビデオ, イメージ, ウェブ, ウィキ。",https://www.izito.jp/ws?q=%E6%96%87%E6%88%BF%E5%85%B7%E4%BC%9A%E7%A4%BE%20%E5%B0%B1%E8%81%B7&asid=iz_jp_gb_2_cg1_05&abt=1&mt=b&nw=g&de=c&ap=2o1&kid=kwd-385259021235&aid=47413051343&gclid=EAIaIQobChMIw6u1_OXb4wIVBK6WCh0rYQJbEAMYASAAEgIt5_D_BwE
0,転職 ゲーム 会社 | 転職 ゲーム 会社検索 | ZapMeta.jp‎,"転職 ゲーム 会社取得しましょう。Web中から1000以上の結果をチェック！ 100万人以上利用の信頼・24時間 365日・Wiki、ニュース、以上・完璧な概要・100万人以上の訪問・Web、画像と動画・タイプ: pdf, doc, ppt, xls, txt。",https://www.zapmeta.jp/ws?q=%E8%BB%A2%E8%81%B7%20%E3%82%B2%E3%83%BC%E3%83%A0%20%E4%BC%9A%E7%A4%BE&asid=zm_jp_gb_1_cg1_05&abt=1&mt=b&nw=g&de=c&ap=1t1&kid=kwd-312764415066&aid=48990411276&gclid=EAIaIQobChMIweGm_-vb4wIVRGoqCh1eVgmZEAAYASAAEgLBR_D_BwE
0,ゲームサービス事業 | 株式会社マイネット,マイネットグループが運営するゲームタイトルに冠するレーベル名です。歓喜を呼ぶお祭りの行進＝「PARADE」、そこに続々と参加する笑顔の人々が作り出す行列＝「PARADE」。このように「PARADE」というレーベルには、ユーザーの皆さまにワクワクできる …,https://mynet.co.jp/service/game/
0,ゲーム業界の会社一覧（全国）｜Baseconnect,ゲーム業界の会社（株式会社・有限会社・NPO法人など）・企業を一覧にまとめました。業界や売上高、従業員規模などでさらに絞込が可能です。大手企業・上場企業から中小企業・ベンチャーまで幅広く会社情報をご覧いただけます。,https://baseconnect.in/companies/category/79525d9e-2fec-4e30-b088-b29d596ecaa7
0,ゲーム会社一覧 - Wikipedia,ゲーム会社一覧（ゲームがいしゃいちらん）では、主に 「家庭用コンピュータゲームソフトウェアの開発または販売を行う日本国内の企業」 を一覧にまとめる。 このページは、コンピュータエンターテインメントレーティング機構（CERO）の審査対象ゲーム機向けに …,https://ja.wikipedia.org/wiki/%E3%82%B2%E3%83%BC%E3%83%A0%E4%BC%9A%E7%A4%BE%E4%B8%80%E8%A6%A7
0,求人ボックス｜ゲーム会社の仕事・求人 - 東京都 八王子市,東京都八王子市でゲーム会社の求人は220件あります。【求人ボックス】正社員・アルバイト・パート・派遣の仕事・転職・採用情報をまとめて検索.,https://xn--pckua2a7gp15o89zb.com/%E3%82%B2%E3%83%BC%E3%83%A0%E4%BC%9A%E7%A4%BE%E3%81%AE%E4%BB%95%E4%BA%8B-%E6%9D%B1%E4%BA%AC%E9%83%BD%E5%85%AB%E7%8E%8B%E5%AD%90%E5%B8%82
0,ゲーム 会社の求人 - 東京都八王子市 | Careerjet.jp,東京都八王子市でゲーム 会社の求人。キャリジェットはさまざまなアルバイト・転職サイトや人材紹介会社などの求人情報をまとめて検索できる求人検索サイト。,https://www.careerjet.jp/%E3%82%B2%E3%83%BC%E3%83%A0-%E4%BC%9A%E7%A4%BE-%E4%BB%95%E4%BA%8B/%E6%9D%B1%E4%BA%AC%E9%83%BD%E5%85%AB%E7%8E%8B%E5%AD%90%E5%B8%82-285701.html
0,ゲーム会社 企業検索結果一覧｜就活はクリ博ナビ2020,ゲーム会社の会社・企業一覧です。クリ博ナビ2020で求人（新卒採用情報）を検索。新卒学生向け就職情報サイト「クリ博ナビ2020」は、イマジカデジタルスケープが運営。,https://www.kurihaku.jp/2020/company/search/?industry_code%5B%5D=1
1,エクスペリエンス - 会社概要 - 八王子市,"事業内容, ゲームソフトの企画・開発・販売、Webコンテンツの企画・制作、キャラクターデザイン・企画シナリオ制作、関連商品の販売. 取引銀行, 三井住友銀行 八王子支店多摩信用金庫 八王子駅前支店青梅信用金庫 市役所前支店. 主取引先. 株式会社角川 …",http://www.exp-inc.jp/web0904/modules/company/index.php?content_id=3
0,人気のゲーム会社はどれ？各会社情報について詳しく紹介,ゲームクリエイターを目指すなら、やはり人気のゲーム会社への就職を目指したいもの。しかし、ゲーム会社にはそれぞれ個性や得意分野があり、求めている人材像も異なります。自分が希望するゲーム会社へ就職するためには何が必要なのかを把握するために …,http://www.creategame-school.com/game_company/
0,ゲーム開発会社リスト－東京都23区外 | Social Game MAG - 株式会社ヤット,ゲーム開発会社リスト－東京都23区外. ... 東京都＞東京都23区外. 武蔵野市. 株式会社ひつじぐも（東京支社） · 株式会社プロダクション・アイジー · 株式会社人響社 · 株式会社GAE · 株式会社スペースアウト · 株式会社ブラウニーズ · 株式会社シンソフィア …,https://yatto.co.jp/sup/rist-top/rist-tokyo-suburbs
0,ゲーム会社のランキング4部門 あの会社の平均年収は・・・ | 株式会社ビヨンド,2016/07/01 - 上場しているゲーム会社の数字を調べましたので、それぞれをランキングにしてみました！！ ※数字は有価証券報告書から 従業員数 1000人超えてる企業が3社のみですが、これは会社単体の数字です。 ホールディングス（HD）などの …,https://beyondjapan.com/blog/2016/07/game-company-rankings/
1,会社情報｜株式会社アルティメディア - ULTIMEDIA Inc. - 八王子市,アルティメディアの会社情報ページです。 ... 株式会社アルティメディアの社員は下記項目を企業行動指針として活動しています。 ... ソーシャルゲーム事業インターネットメディア事業インターネット広告代理事業システム開発受託事業デザイン制作受託事業通信・ …,https://www.ultimedia.co.jp/company/
0,転職 ゲーム 会社 | 転職 ゲーム 会社検索‎,"転職 ゲーム 会社表示。複数のソースから素早く検索結果を取得しましょう。良質な検索結果をチェック・高性能で簡単に使える・関連する情報を今すぐ検索・優良な情報を今すぐ検索・関連する情報を調べる・100以上の良質な検索結果・タイプ: ニュース, ビデオ, イメージ, ウェブ, ウィキ。",https://www.izito.jp/ws?q=%E8%BB%A2%E8%81%B7%20%E3%82%B2%E3%83%BC%E3%83%A0%20%E4%BC%9A%E7%A4%BE&asid=iz_jp_gb_2_cg1_05&abt=1&mt=b&nw=g&de=c&ap=1o1&kid=kwd-312764415066&aid=48521414637&gclid=EAIaIQobChMIweGm_-vb4wIVRGoqCh1eVgmZEAMYASAAEgLSufD_BwE
0,転職 ゲーム 業界 | 毎日更新‎,転職 ゲーム 業界 結果を今すぐご確認ください！,https://www.smarter.jp/web?qo=semQuery&ad=semA&q=%E8%BB%A2%E8%81%B7%20%E3%82%B2%E3%83%BC%E3%83%A0%20%E6%A5%AD%E7%95%8C&o=759233&ag=fw&an=google_s&rch=intl1104&gclid=EAIaIQobChMIweGm_-vb4wIVRGoqCh1eVgmZEAMYAiAAEgKKg_D_BwE
0,人気のゲーム専門学校ランキング | 本気でゲーム業界を目指す人必見‎,ゲームデザイナー、プログラマー、クリエイターなどゲーム業界での就職を目指す！ 夜間や週末、通信も・体験入学あり・2018最新・先輩の口コミ満載。,https://gameschool-hikaku.net/?gclid=EAIaIQobChMIweGm_-vb4wIVRGoqCh1eVgmZEAMYAyAAEgLtDPD_BwE
0,ゲームクリエイターの学校 | 就職率95%/大卒資格もとれる‎,"現役プロによる実践教育で、ゲーム業界へ就転職を実現！未経験から業界の即戦力に。アプリゲーム 、VR、プログラマー、e-sportsなど最新のスキルが幅広く身につく！ タイプ: ゲームクリエイター, ゲームプランナー, ゲームプログラマー, ゲームグラフィッカー。",https://www.vantan-game.com/cmp/game-creator09/search/?sc_vms=VGAAWSS00092020&gclid=EAIaIQobChMI7t630e_b4wIVVqqWCh3W-wrLEAAYASAAEgI5B_D_BwE
0,転職 ゲーム 業界 | 情報 | kensaq.com‎,転職 ゲーム 業界 をNew KensaQ.comで検索する,https://www.kensaq.com/web?qo=semQuery&ad=semA&q=%E8%BB%A2%E8%81%B7%20%E3%82%B2%E3%83%BC%E3%83%A0%20%E6%A5%AD%E7%95%8C&o=765771&ag=fw&an=google_s&rch=jp27&gclid=EAIaIQobChMI7t630e_b4wIVVqqWCh3W-wrLEAAYAiAAEgKnbvD_BwE
0,ゲーム 業界 転職 | 結果はこちら | ask.jp‎,ゲーム 業界 転職をお探しなら Ask.comで結果を見つけましょう。,https://www.ask.jp/web?qo=semQuery&ad=semA&q=%E3%82%B2%E3%83%BC%E3%83%A0%20%E6%A5%AD%E7%95%8C%20%E8%BB%A2%E8%81%B7&o=777296&ag=fw11&an=google_s&rch=intl389
0,ゲーム 会社の求人 | Indeed (インディード),Indeed.com でゲーム 会社の29279件の検索結果: 翻訳、制作スタッフ、シナリオライターなどの求人を見る。,https://jp.indeed.com/%E3%82%B2%E3%83%BC%E3%83%A0-%E4%BC%9A%E7%A4%BE%E9%96%A2%E9%80%A3%E3%81%AE%E6%B1%82%E4%BA%BA
0,ゲーム会社の求人 - 和歌山県 | Indeed (インディード),Indeed.com で和歌山県のゲーム会社の115件の検索結果: 買取スタッフ、インストラクター、パソコン修理などの求人を見る。,https://jp.indeed.com/%E3%82%B2%E3%83%BC%E3%83%A0%E4%BC%9A%E7%A4%BE%E9%96%A2%E9%80%A3%E3%81%AE%E6%B1%82%E4%BA%BA%E5%92%8C%E6%AD%8C%E5%B1%B1%E7%9C%8C
0,ホームページ作成ならWix | 簡単・無料で自由にデザイン | wix.com‎,難しい知識は一切不要。スマホ対応の素敵なホームページを簡単に作成しましょう! 優れたSEO対策・24時間対応のサポート・充実した日本語サポート・美しいデザインと機能性・簡単に使えるブログ機能・200種類以上のアプリ・業界トップのWebホスト・ネットショップを簡単開設。,https://ja.wix.com/html5webeditor/900-website?utm_source=google&utm_medium=cpc&utm_campaign=672462384^33430951439&experiment_id=%E3%82%A6%E3%82%A7%E3%83%96%E3%82%B5%E3%82%A4%E3%83%88%20%E5%88%B6%E4%BD%9C^e^289650547643^1t1&gclid=EAIaIQobChMIvNeuxvDb4wIVWXRgCh15yQaUEAAYASAAEgKVUfD_BwE
0,"ホームページ制作はこちら | 制作実績13,000サイト | all-internet.jp‎","企画・構築からSEO対策・運用更新まで、制作後も安心の運用サポート。2,000社以上掲載。200業種の制作実績・全工程をワンストップ対応・プロスタッフが丁寧に支援・メディア掲載多数・サービス: ホームページ作成, ホームページ運用, スマホHP作成, ネットショップ構築。",https://www.all-internet.jp/?utm_source=google&utm_medium=cpc&gclid=EAIaIQobChMIvNeuxvDb4wIVWXRgCh15yQaUEAAYAiAAEgJCUvD_BwE
0,コスパの良いウェブサイト制作 | 実績2000社のノウハウでご提案‎,"デザインも集客も機能も。ウェブ サイト 制作制作,構築なら 株式会社メテオリレイ 東京都渋谷区。集客・コンサル・高いデザイン性・運用ノウハウ・実績2500社以上・サービス: ウェブサイト構築, スマホ制作, WP制作, EC構築, 多言語サイト。",http://www.meteorelay.jp/services/lp_web_site.php?gclid=EAIaIQobChMIvNeuxvDb4wIVWXRgCh15yQaUEAAYAyAAEgKLsfD_BwE
0,ウェブ製作／800件以上の実績 | 一流企業がこぞって選ぶ開発会社‎,実績800件超ヒットアプリ多数！高収益の企画立案から洗練されたUI構築、運用まで完全サポート,https://monstar-lab.com/dp/lp/?utm_source=Google_Listing&utm_medium=listing&utm_term=web%E3%82%B5%E3%82%A4%E3%83%88%20%E5%88%B6%E4%BD%9C&utm_campaign=app_web&gclid=EAIaIQobChMIvNeuxvDb4wIVWXRgCh15yQaUEAAYBCAAEgKRvvD_BwE
0,八王子で実力のあるWeb制作会社7選 | ポップインサイト公式ブログ,2017/03/28 - 八王子にあるWeb制作会社をお探しでしょうか。八王子で実力のあるWeb制作会社を厳選してご紹介します。 株式会社アットサポート［PR］ 明確な料金設定とサービス内容で、あらゆる制作に対応可能。様々な業種や小～大規模まで手掛け …,https://popinsight.jp/blog/?p=3659
1,八王子のホームページ屋 Web制作なら株式会社アットサポート,格安・高品質なホームページ制作なら、八王子で10年の実績を持つ弊社にお任せください。制作案件も豊富で、個人事業主から大企業や行政関係の作成実績もあります。ネットショップや写真撮影などのオプションもワンストップで対応可能。,https://homepageya.biz/
0,【2019年最新版】八王子市で実力のあるホームページ制作業者9選 - アイミツ,東京都八王子市のホームページ制作会社一覧。独自のチャートでわかりやすく各ホームページ制作会社の特徴をご紹介。業者探しに迷われた際は専任コンシェルジュへの相談も可能です。ぜひホームページ制作会社一覧をご覧下さい。,https://imitsu.jp/list/hp-design/tokyo/hachioji-city
0,東京都八王子市のウェブ制作・ホームページ制作会社一覧 - イケサイ,東京都八王子市のホームページ制作会社、ウェブサイト制作会社の一覧とデータベースです。現在5社の制作会社・個人事業者を掲載しています。制作実績やウェブデザイナーの求人情報も掲載しています。,https://www.ikesai.com/db/%E6%9D%B1%E4%BA%AC%E9%83%BD/%E5%85%AB%E7%8E%8B%E5%AD%90%E5%B8%82/
0,バラしちゃいます！ホームページ制作料金の相場はいくら？用途 目的別に …,ホームページが必要になったとき、まっ先に考えることと言ったら、やっぱり「費用対効果」。 「ホームページ 作成費用の相場はいくら？」と気になるところです。 ​. 私がホームページ制作の見積もり依頼を受けた場合は、まず既定の料金一覧に従い概算見積もりを …,https://www.web-aqua.jp/about-homepage
0,自前のサイトとプロのWeb制作会社が作ったサイト、どこが違う？｜コラム …,2018/04/04 - Webサイトが必要になったとき、多くの人が「どのWeb制作会社に制作を依頼しようかな？」と、真っ先に考えるのではないでしょうか？しかし中には、「自分で作ってみよう」「自社内に多少聞きかじった人がいるから、その人に作ってもらおう」と、 ,https://www.tifana.com/column/20180404_cms_admin_9293.html
1,Webサイト制作 | 事業一覧 | 東京上野のWeb制作会社LIG - 株式会社LIG,株式会社LIG(リグ)のWebサイト制作事業についてご紹介します。LIGのWebサイト制作実績、サイト制作の流れや概算見積・スケジュール、Webサイト制作事業の拠点（東京上の・長野野尻湖・フィリピン セブ島）紹介、ギルド（オフショア開発）について、Web …,https://liginc.co.jp/service/web
0,Webサイト制作ってどうやるの？依頼からできあがるまでの流れ,2018/05/08 - Webサイト制作はどのように進めるかご存知でしょうか？ここではコンテンツマーケティングを前提としたWebサイト制作の流れと成功させるポイントについてご紹介していきます。コンセプトや目的の明確化から設計、構築、運用までのポイントを …,https://www.leadplus.net/blog/process-to-create-web-site.html
0,八王子市の優良ホームページ制作会社8社をプロが厳選！【2019年版 …,2019/06/17 - 東京都八王子市のおすすめホームページ制作会社をご紹介します。Web制作会社経験者のプロがおすすめできるホームページ制作会社を厳選。「実績が豊富」や「集客に強い」、「格安」など発注目的や特徴別にご紹介します。,https://web-kanji.com/posts/hachioji-city
0,Webサイト制作の本質はコンテンツ制作にある！ デザインやページを考える …,2018/03/02 - 【Web担】「Webサイト制作」を「ページやデザインを作ること」だと思っているWeb担当者や制作者に喝！ そもそも「Webサイトを作ること」とは「コンテンツを作ること」だ.,https://webtan.impress.co.jp/e/2018/03/02/26026
1,かける想い | 名古屋のWEB ホームページ制作・運営・企画作成は...‎,ウェブ集客で受注率UP、売上UP！建築系のHP制作会社アババイにおまかせください。,https://ababai.co.jp/design/?=utm_source=google&utm_medium=display&utm_campaign=DSA&gclid=EAIaIQobChMIvNeuxvDb4wIVWXRgCh15yQaUEAMYASAAEgIBt_D_BwE
0,集客できるWEB制作会社 | キューピーズ‎,貴社に合ったWEBマーケティングデータを元に事業収益を劇的に改善します。2500社以上の制作実績,https://qps.jp/lp2/?utm_medium=cpc&utm_source=google&utm_campaign=201811&gclid=EAIaIQobChMIvNeuxvDb4wIVWXRgCh15yQaUEAMYAiAAEgKJvfD_BwE
1,ウェブサイト制作 全国対応 | 専門性の高いコンサル付き‎,コンバージョン率が高い & SEO対策に強い、販売力・集客力が強いウェブサイトを制作します。,https://xn--obkb7k9ee4a4pc9901et7fu2t.com/?id=Google_%e6%a4%9c%e7%b4%a2_%e3%83%91%e3%82%bd%e3%82%b3%e3%83%b3_%e3%82%a6%e3%82%a7%e3%83%96%e3%82%b5%e3%82%a4%e3%83%88%e5%88%b6%e4%bd%9c&gclid=EAIaIQobChMIvNeuxvDb4wIVWXRgCh15yQaUEAMYAyAAEgI-9_D_BwE
1,まずは事例を見てください | 魅力を伝えるWebサイトを制作‎,"【年間依頼実績1,200社】訪問見積もり（無料）で貴社に相応しいWebサイトを制作。納得するまで直接打ち合わせ。たった3項目の入力で簡単スピードお見積り！ 見積もりだけでもOK・無料HPだと信用度が薄い・訪問対応も可能・きちんと集客に利用したい・無料にはできないデザイン。",https://www.homepage296.com/?cid=aw&acc=google&aso=google&accwd=1040_&aca=1040_Web%25EF%25BC%2588%25E3%2582%25A6%25E3%2582%25A7%25E3%2583%2596%25EF%25BC%2589%25C3%2597%25E5%2588%25B6%25E4%25BD%259C%25E3%2583%25BB%25E4%25BD%259C%25E6%2588%2590&gkey=gb%2B%E3%82%A6%E3%82%A7%E3%83%96%20%2B%E3%82%B5%E3%82%A4%E3%83%88%20%2B%E5%88%B6%E4%BD%9C&OV_REFFER=&gclid=EAIaIQobChMI3qS56PTb4wIVV6qWCh3j4QvxEAAYASAAEgLCV_D_BwE
1,10万円で圧倒的クオリティ | ウェブサイト制作ならCLIPTO‎,スマホサイト付／プロデザイナーがオリジナルデザインでHPを作成。今月は30社限定提供。プロのWebデザイナーが制作・スマホサイトも無料で制作・完全フルオーダーメイド・オリジナルサイト制作・1ヶ月の短納期・高品質なHP制作10万円から・7000社越えの実績。,https://www.studio-clipto.jp/?utm_source=rlj&utm_medium=ppc&utm_campaign=wsite&scid=35935&cid=56733&tc=EAIaIQobChMI3qS56PTb4wIVV6qWCh3j4QvxEAAYAiAAEgJYp_D_BwE&rl_key=272aeae7f514dcbb31ec3fea5d39bc77&kw=7841326&pub_cr_id=316818837353&dynamic_proxy=0&primary_serv=www.studio-clipto.jp&device=c&network=g&targetid=kwd-299999200049&loc_physical_ms=1009285&gclid=EAIaIQobChMI3qS56PTb4wIVV6qWCh3j4QvxEAAYAiAAEgJYp_D_BwE&rl_track_landing_pages=1
1,Web制作はtaneCREATIVEにお任せ | Webサイト制作実績300件以上‎,"大手企業・大学様の制作実績も豊富で安心のtane creativeにご相談ください。大手企業・大学の制作実績・システム開発もOK・保守実績100サイト以上・保守管理、月9,800円～。",https://tane-creative.co.jp/lp/?p=production&gclid=EAIaIQobChMI3qS56PTb4wIVV6qWCh3j4QvxEAAYAyAAEgIOtPD_BwE
1,8/1までキャンペーン実施中 | 暗闇バイクエクササイズ | feelcycle.com‎,"ハード且つ爽快感溢れる45分のレッスン。最大消費800Kcal！ 朝7時から営業開始・メディアで話題沸騰中・脅威のカロリー消費量・トライアルレッスン開催中・充実のアメニティ・仕事終わりにレッスン可能・タイプ: トライアルチケット, チケットメンバー, リミテッドメンバー。",https://www.feelcycle.com/feelcycle_reserve_sp/feelcycle_hp/lp/summer/campaign/?utm_source=google&utm_medium=paidsearch&utm_campaign=ippan&gclid=EAIaIQobChMIld_RgPbb4wIVhqqWCh3n4QwREAAYASAAEgKpzPD_BwE
1,エニタイムフィットネス | ２４時間年中無休・スポーツジム‎,只今入会キャンペーン中。今直ぐ見学予約を！ 低月会費使い放題、 全国の店舗を利用可,https://www.anytimefitness.co.jp/lp201605/?utm_source=Google&utm_medium=cpc&utm_campaign=lp201605&gclid=EAIaIQobChMI1aT57vbb4wIVgbaWCh1RPwC8EAAYAiAAEgLZofD_BwE
1,公式：JOYFIT24ふじみ野 | 最新マシンで充実のトレーニング‎,2018年9月リニューアル。フリーウェイト部分拡張で思う存分トレーニング。24時間営業,https://joyfit.jp/campaign-fblp/3329/fujiminolp_1905/?utm_source=rlj&utm_medium=ppc&utm_campaign=gym&scid=58735&cid=56438&tc=EAIaIQobChMI1aT57vbb4wIVgbaWCh1RPwC8EAAYAyAAEgKkIvD_BwE&rl_key=e63272eca2ec40d97a2fc02594d48abd&kw=7200381&pub_cr_id=347311194185&dynamic_proxy=0&primary_serv=joyfit.jp&device=c&network=g&targetid=kwd-938031662&loc_interest_ms=9053324&loc_physical_ms=1009285&rl_track_landing_pages=1
1,【公式】247／低価格ジムなら | 【ダイエット】圧倒的に安いジム‎,2ヶ月集中！低価格で無理させない、次世代パーソナルジム。まずは無料カウンセリング。完全個室。,https://247workout.jp/adsx1s_fb/04_main/pc/index.html?acckey=gosearch&utm_source=google&utm_medium=cpc&utm_campaign=nonbrand&gclid=EAIaIQobChMI1aT57vbb4wIVgbaWCh1RPwC8EAAYBCAAEgLUfPD_BwE&gclsrc=aw.ds
0,八王子のおすすめスポーツジム10選！女性専用や24時間営業も - とっしー …,2018/03/29 - 八王子には運動ができる公園や自然がたくさんありますが、極端に暑い時期や寒い季節はスポーツジムで汗を流したい... そんな人は少なくないはず。 スポーツジムやスポーツクラブ、フィットネスクラブには専門のインストラクターやトレーナーが …,https://hachi-navi.com/user/6353731/blog/0005
1,【メガロス八王子店】ジム・スポーツクラブ・フィットネスクラブならメガロス,八王子駅徒歩4分！八王子駅近くのスポーツクラブをお探しなら、野村不動産ライフ＆スポーツが運営するメガロス八王子店へ。独自のスタジオプログラムやテニススクール、ゴルフスクール、キッズスクールも充実。ホットヨーガやパーソナルトレーニングもお勧め …,http://www.megalos.co.jp/hachiouji/
1,西八王子店｜FASTGYM24 【ファストジム24】24時間トレーニングジム,2019/07/01 - 一人ひとりのライフスタイル、フィットネスニーズにティップネスが応える24時間トレーニングジム「FASTGYM24」西八王子店。使いたいとき、好きなだけ、自分のスタイルで。,http://fastgym24.jp/shop/353/
1,八王子東京｜スポーツジム・フィットネスクラブならゴールドジム | スタジオ …,世界最大級のスポーツジム、フィットネスクラブのゴールドジム八王子東京店。JR八王子駅北口より徒歩1分、京王線京王八王子駅西口より徒歩8分。ダイエットやフィットネスに最適なエクササイズプログラム、トレーニングマシーンが充実。,http://www.goldsgym.jp/shop/13260/schedule
1,【公式】東急スポーツオアシス南大沢24Plus｜24Hスポーツジム,南大沢駅周辺でスポーツクラブをお探しの方は東急スポーツオアシス南大沢24Plusへ。24時間営業ジム、プール、人工温泉がおすすめ。運動、ダイエットはアプリで管理！ご入会、見学予約はネットから！,https://www.sportsoasis.co.jp/sh68/
1,ルネサンスの24時間トレーニングジム - スポーツクラブ ルネサンス,スポーツクラブルネサンスの24時間ジムのご紹介。総合スポーツクラブが誇る種類豊富なマシンで、24時間、好きな時間にフィットネスを楽しめます。仕事前の朝活も、ちょっと遅めの仕事帰りも、ご自身のライフスタイルに合わせてご利用ください。,https://www.s-re.jp/24hours/
1,セントラルフィットネスクラブ 八王子 - セントラルスポーツ,ジム・プール・スタジオ・アリーナ(体育館）・スカッシュ・ゴルフ・ﾀﾞｲﾋﾞﾝｸﾞﾌﾟｰﾙなどたくさんのスポーツが楽しめる大型施設！,https://www.central.co.jp/club/hachioji/
1,八王子店（東京都八王子市）|ジム|スポーツクラブアクトスWill_G,八王子店（東京都八王子市）スポーツクラブアクトスのホームページです。総合スポーツクラブ「アクトス」、リーズナブルスポーツクラブ「アクトスwill」、女性専用フィットネスの「ララ」、等を運営、健康に関する様々な事業を行っています。各店舗では、スタッフが丁寧 …,https://www.axtos.com/shop/hachioji/
0,東京｜八王子市のジム・フィットネス・スポーツクラブ検索・比較サイト …,八王子市でスポーツジム・スポーツクラブ・フィットネスをお探しならAsreet「アスリート」にお任せください。全国のジム・スポーツクラブの情報からこだわりの条件で検索が可能です。あなたにピッタリのスポーツジムを見つけましょう！,https://www.asreet.com/tokyo/a_hachioji
1,コナミスポーツクラブ｜フィットネス - Konami,初めてスポーツクラブをご利用になる方はもちろん、ダイエットや体力向上などさまざまな目的の方に合わせてトレーニングが可能です。目的に合ったプログラムを選んで、あなたにぴったりな運動を始めましよう。,https://www.konami.com/sportsclub/fitness/
1,未経験大歓迎 筋トレ専門ジム - ダイエット・姿勢矯正・肩こり‎,地域一番の低価格なジム 皆様に効果的なプログラムの作成を行っています。,http://joyfultime.com/
1,キレイに理想の体へ | 医学に基づく個人トレーニング‎,石川町駅3分 元町中華街駅4分。無料相談も受付中。口コミで評判の専門ジムです。,http://www.mbb2010.com/
1,苦労知らず最新医療ダイエット | 週1回の使用で楽痩せしちゃお‎,毎日飲むサプリ？通院？運動？そんなの必要ありません。楽したい人のための最新医療ダイエット。今度こそ本気で痩せる！そんな方におすすめなのGLP-1。週1回の使用で楽々ダイエット。,https://souki-kai.or.jp/glp/?gclid=EAIaIQobChMI1aT57vbb4wIVgbaWCh1RPwC8EAMYAyAAEgLbNPD_BwE
1,今なら体験レッスンがお得 | 1レッスンでデトックス効果体感‎,45分で最大消費800Kcal。気分が上がる音楽で楽しくシェイプアップ。 こだわりの音楽と暗闇空間があなたへ極上の集中対応を。思考をクリアにする新感覚フィットネス。 充実のアメニティ・仕事終わりにレッスン可能・朝7時から営業開始・トライアルレッスン開催中・メディアで話題沸騰中。,https://www.feelcycle.com/feelcycle_reserve_sp/feelcycle_hp/lp/summer/campaign/?utm_source=google&utm_medium=paidsearch&utm_campaign=ippan&gclid=EAIaIQobChMI-8X7hPrb4wIVCa6WCh3S0gbvEAAYASAAEgKrZ_D_BwE
0,ダイエットジム | ダイエットジム検索 | iZito.jp‎,瞬時に得られる質の高い検索結果を今すぐ体験！ダイエットジム入手,https://www.izito.jp/ws?q=%E3%83%80%E3%82%A4%E3%82%A8%E3%83%83%E3%83%88%E3%82%B8%E3%83%A0&asid=iz_jp_gb_2_cg1_10&mt=b&nw=g&de=c&ap=2t2&ac=1826&gclid=EAIaIQobChMI-8X7hPrb4wIVCa6WCh3S0gbvEAAYAiAAEgJ6tvD_BwE
1,夏の入会キャンペーン／7/31まで | スポーツクラブ／ルネサンス‎,7月31日迄、入会金・初月会費・事務手数料が0円。今だけお得なキャンペーン中,https://www.s-re.jp/lp/campaign/
1,200社以上が導入したAI法人研修 | 日本ディープラーニング協会認定‎,"""実務レベルのAI開発""に必要な網羅的知識をカバーした研修でAIエンジニアを3ヶ月で育成。JDLA監修のG検定やE検定に対応した教材で新時代に必要な知識・スキルを習得。3種類の課題で実力をつける・学習進捗のサポート付き・豊富なケーススタディー・体系化したカリキュラム。",https://ai-std.standard2017.com/?gclid=EAIaIQobChMIpov80_rb4wIVFK6WCh07dA0BEAAYASAAEgIuCvD_BwE
1,SAS®／公式 | オープンなAIプラットフォーム | SAS.com‎,"アナリティクスとAIに必要な機能を全て実現したクラウド対応／無料体験はこちら。豊富な業種実績・セミナー多数開催・テクニカルサポート充実・ブランド: SAS Viya, SAS Visual Statistics, SAS Visual Forecasting。",https://www.sas.com/ja_jp/insights/articles/analytics/viya.html?utm_source=google&utm_medium=cpc&utm_campaign=sas-aai-ap&utm_content=41691&gclid=EAIaIQobChMIpov80_rb4wIVFK6WCh07dA0BEAAYAiAAEgJKsvD_BwE&gclsrc=aw.ds
1,AI受託開発ならAnyTech | トップクラスのエンジニアが開発 | anytech.io‎,卓越した経験を持つエンジニア集団が高品質・高速・低コスト・安全な開発を実現します,https://www.anytech.io/?gclid=EAIaIQobChMIpov80_rb4wIVFK6WCh07dA0BEAAYAyAAEgLtGPD_BwE
1,オーダーメイドのAI開発＆提供 | ワンストップで導入フルサポート‎,そのAI本当に使えてますか？AIで成果を上げるためには、現場に合わせたカスタマイズが必須です。,https://laboro.ai/?gclid=EAIaIQobChMIpov80_rb4wIVFK6WCh07dA0BEAAYBCAAEgKJCvD_BwE
0,日本のAI企業一覧 - データアーティスト株式会社,日本にはAI関連の会社は300社以上あると思われます。今回、DAは通常より少し頑張って、WEBやAI展示会などを駆け回って、300社超の日本関連でAI製品・サービスの 開発に関わる企業をまとめてみました。AI企業の一覧です。皆さんの参考になればと思い …,https://www.data-artist.com/contents/ai-company-list.html
0,【2019年最新版】AI開発に強いシステム開発会社9選 - アイミツ,AIで定評のあるシステム開発会社を紹介します。実績やコストパフォーマンス、口コミなどをもとに厳選したおすすめのシステム開発会社です。会社探しに迷われた際は専任コンシェルジュへの相談も可能です。,https://imitsu.jp/list/web-system/ai/
0,AI（人工知能）スタートアップ33社まとめ、第3次AIブーム牽引する注目 …,2018/10/16 - そこで本稿では国内外で注目を集めているAIスタートアップ企業33社を、J-Startup選定企業およびデロイト トーマツ ... すでに自動車部品メーカーや製薬会社などの工場現場において採用され始めており、産業ロボット、フィンテックへの活用も …,https://www.sbbit.jp/article/cont1/35556
0,AI（人工知能）のシステム開発が得意な会社10選 | 比較ビズまとめ,2018/03/06 - AI（Artificial・Intelligence）＝人工知能とは、人間同様の知能を持ったコンピューターのことです。AIは私たちのすぐ身近なところでその技術が生かされています。今回はその人工知能開発をリードする実力派10社をピックアップしてみました。,https://www.biz.ne.jp/matome/2002608/
0,日本国内の企業が開発！国産AI 11選 - テックファーム株式会社,2019/03/11 - 現在、世界各地でAI開発者がしのぎを削っており、国内でも各社がAIサービスをリリースしています。本記事では、そんな国産のAIを まとめてご紹介していきます。,https://www.techfirm.co.jp/blog/japanese-ai
1,AI事業 エクスウェア株式会社,さまざまなサービスやシステムにAI技術が取り入れられ、企業活動を支えるICTもAI抜きでは考えられない時代になりました。エクスウェアは、より便利で安心できる社会を目指し、ビジネスにおける様々なシーンにAIを活用するためのAIサービス開発・提供します。,https://www.xware.co.jp/service/ai.html
0,【人工知能（AI）】関連が株式テーマの銘柄一覧 | 株探,人工知能(AI)は今や株式市場における最強のテーマといっても過言ではない。市場の有力テーマであるバイオ創薬やドローン、自動運転車、ロボット、フィンテック、あるいはIoTといったあらゆる技術系分野で、AIはそれらと密接に関わりイノベーションの源泉となる …,https://kabutan.jp/themes/?theme=%E4%BA%BA%E5%B7%A5%E7%9F%A5%E8%83%BD
0,医療AIに取り組む企業まとめ｜AIは医療をアップデートするか！？ | AI専門 …,アイリス株式会社 に移動 - インフルエンザ患者の99％に特徴的にみられるインフルエンザ濾胞（ろほう）の観察をすることでインフルエンザを判定するインフルエンザ濾胞を他の濾胞と区別できる「匠の医師の目」をAIで再現することを目指している。 会社 …,https://ainow.ai/2018/12/13/158185/
0,厳選！AIベンチャー12社 | Amateras Startup Review,2016/05/30 - Google Analyticsのデータを元に、自動でわかりやすい改善案をお届けする便利なサービス「AIアナリスト」を提供する企業です。課題発見から改善提案まで自動ででき、アクセス解析ツールと連携し、データを自動で分析できます。 会社 …,https://amater.as/article/2016/05/30/ai_venture_12/
0,実名357社を大公開! AI革命で10年後消える会社、生き残る会社（週刊現代 …,"将棋で勝つのは「余興」。AIの本領はビジネス界で猛威を振るうこと。あらゆる企業を呑み込むAI時代、逃げ遅れれば即死する。
ローカル検索の結果",https://gendai.ismedia.jp/articles/-/52569
0,上場企業3600社、未上場115万社 | 560業界 3300部の業界レポート‎,時価総額トップ100社中6割で導入。情報収集・分析を7日間から1時間へ圧倒的短縮。 1100社超が導入する、企業分析・業界分析ツールの決定版。営業企画・経営企画での情報収集に。 有報・適時開示も網羅・海外未上場390万社データ・国内未上場115万社データ・560業界の独自レポート。,https://jp.ub-speeda.com/c_6/?utm_source=google&utm_medium=cpc&utm_campaign=KT_kigyo&utm_content=kigyo&gclid=EAIaIQobChMIpov80_rb4wIVFK6WCh07dA0BEAMYASAAEgKG5PD_BwE
1,ロボット、IoTのプロトタイプ | 大手企業からご相談実績多数‎,ロボット、IoTの実証実験や試作開発を、「より安価で、より分かりやすく、よりスマートに」 ユカイ工学なら自社製品1万台の販売実績を元に試作から量産まで全面サポート。,https://www.ux-xu.com/prototype?utm_source=google&utm_medium=listing&utm_campaign=prototype&gclid=EAIaIQobChMIpov80_rb4wIVFK6WCh07dA0BEAMYAyAAEgIc2_D_BwE
1,法人向けAI（人工知能）講座 | 日本ディープラーニング協会認定‎,"""実務レベルのAI開発""に必要な網羅的知識をカバーした研修でAIエンジニアを3ヶ月で育成。JDLA監修のG検定やE検定に対応した教材で新時代に必要な知識・スキルを習得。速習チュートリアル・分析ストーリー形式の教材・体系化したカリキュラム・Kerasによる深層学習。",https://ai-std.standard2017.com/?gclid=EAIaIQobChMIg4ia9P3b4wIVw6mWCh1brww3EAAYASAAEgLu5PD_BwE
0,城南予備校DUOの夏期講習 | 保護者が知っておくべき教育改革‎,AIと愛情、DATAと経験。「AI」教材atama+とプロ講師による個別指導。 プロ講師0AI・オーダーメイド学習・新しい入試制度に完全対応・atama+による「AI授業」 予備校のプロ講師・次世代の個人レッスン学習。,https://www.johnanduo.jp/?utm_source=google&utm_medium=cpc&utm_campaign=cpc
0,【公式】SoftBank World 2019 | 5G・AI・IoT・ロボット | SoftBank.jp‎,"オンライン視聴登録をするだけで、今なら10万円が当たる！ ソフトバンクが開催する最大規模の法人イベント。 参加費無料!今すぐ申込・多数講演をご用意・当日の講演をライブ配信・協賛企業オンラインブース・コース: 基調講演, 特別講演, 事例紹介。",https://sbw.tm.softbank.jp/paypay/?utm_source=sbw2019_glisting&utm_medium=cpc&utm_campaign=sbw2019&waad=UVQaqtEU
1,トップページ｜人工知能事業｜株式会社グリッド,株式会社グリッドGRIDは、「インフ ライフ イノベーション」を企業理念として、自社開発したReNom（機械学習/深層学習AI開発プラットフォーム）を使い、社会インフラに関わる様々なデータを分析・予測・制御することで社会問題の解決に尽力しています。,https://gridpredict.jp/
1,ユニフォームにもデザインを | 豊富な実績で大手企業の依頼多数‎,"年間約2,000型の生産実績のあるシタテルが、貴社ブランディングのためのオリジナル制服をご提案。お気軽なご相談からお問い合わせまで、専門のコンシェルジュが丁寧に対応。詳しくはこちら。顧客満足度UP・ブランディング・採用力強化・無料で会員登録。",https://sitateru.com/uniform/?gclid=EAIaIQobChMIvMb0__7b4wIVhraWCh0Img_7EAAYASAAEgLDbfD_BwE
1,つくる。格安オリジナルTシャツ | シルクマスターなら最大50%OFF‎,業界屈指のTシャツシルクスクリーンプリント技術。個人からアパレル企画まで幅広いニーズに対応,https://silkmaster.co.jp/?gclid=EAIaIQobChMIvMb0__7b4wIVhraWCh0Img_7EAAYAiAAEgJ4z_D_BwE
1,オリジナルTシャツの制作なら | デザインツールで簡単デザイン‎,オリジナルプリントが１枚からでもデザインツールで簡単格安でオーダーいただけます。,https://originalprint.jp/store.php/campaign/480tshirtsPrint?crs=adn&prm=d&gclid=EAIaIQobChMIvMb0__7b4wIVhraWCh0Img_7EAAYAyAAEgLkLvD_BwE
1,"安心激安オリジナルTシャツ制作 | ""業界No.1""の丁寧対応 | rub-lab.com‎","インスタ投稿で計10,000回以上”いいね”されているオリT制作会社！年間販売150万枚以上",https://www.rub-lab.com/cp/landing/index2-1.php?ADID=gl_01&utm_source=google&utm_medium=cpc&gclid=EAIaIQobChMIvMb0__7b4wIVhraWCh0Img_7EAAYBCAAEgID1_D_BwE
1,オリジナルTシャツ プリント・デザイン【プラスワン】日本全国販売実績NO.1！,WEBで1番売れているオリジナルTシャツデザイン・プリントのプラスワン。全国に店舗あり直接会えるから安心。スポーツ ... オリジナルアイテム制作を開始するまでに、打ち合わせや完成イメージ制作のお時間がかかります。お時間に余裕を持ってお早めにご相談 ,https://www.p1-intl.com/
1,オリジナルTシャツのデザイン・最速プリントなら【TMIX】最短即日発送,【利用実績日本一】オリジナルTシャツを1枚から大口までWEBで簡単デザイン作成♪おすすめデザイン例あり。写真も高品質プリント ... TMIXはお客様ご自身でデザインしたオリジナルTシャツを1枚から気軽に制作できるサービスをご提供しております。 そのため、 …,https://tmix.jp/
1,オリジナルTシャツの制作・プリントは格安の【プリント職人】全国対応！,オリジナルTシャツの制作なら業界随一の安さを誇る【プリント職人】へ！当店で制作したウェアがTVCM等様々な場面で使用されているのは高品質の証！安心の自動見積り機能と無料で作れるデザイン制作！1枚から大量生産まで短納期で対応致します！,https://www.tranpacjapan.com/
1,オリジナルTシャツをプリント・作成【クラTジャパン】1枚から大量発注まで,クラスTシャツやオリジナルTシャツのオリジナルプリント・デザイン・激安作成なら【クラTジャパン】にお任せください。部活や文化祭・体育祭をはじめ、さまざまなシーン・イベントで活躍します。自社工場だからオリジナルプリントやデザインなど、こだわりのオーダー …,https://www.forcus.co.jp/
1,Tシャツ｜オリジナル Tシャツのプリント 作成 製作ならオリジナルプリントで！,Tシャツ プリントを激安価格で作成するならオリジナルプリント。Webでデザイン・見積・納期もWebで確認、1枚からでも驚くほど簡単に注文が可能です。最短で即日出荷が可能です。インクジェット、シルクスクリーン、転写プリント等各種加工方法がTシャツに応じ …,https://originalprint.jp/tshirts
1,ユニクロ UNIQLO CUSTOMIZE｜トップ －ユニクロカスタマイズ－Tシャツ …,UNIQLO CUSTOMIZE Tシャツやポロシャツ、パーカ、ダウンなどのユニクロの商品にプリント、刺繍を施して1枚から簡単にカスタマイズ！豊富な商品、カラー、デザイン、文字などから自由に組み合わせてオリジナルの1枚やプレゼント、チームウェアが楽しめ …,https://www.uniqlo.com/customize/top.html
1,オリジナルTシャツ・クラスTシャツ/プリント作成【T's FACTORY】,オリジナルTシャツ・クラスTシャツ・オーダーTシャツ作成・デザインの専門店！名古屋のティーズファクトリー。文化祭・学園祭に！全国最大級のプリント実績！自社工場での加工実績と、専任スタッフ対応でお客様を完全サポート致します。,https://www.tsfact.com/
1,オリジナルTシャツのプリント【ラブラボ】お客様対応No1 満足度97.7%,オリジナルTシャツ作成・制作実績29年！お客様7万人以上のラブラボにお任せ！業界No1のお客様満足度97.7%、自社工場だから安心・激安・高品質・即納品（最短1日発送）ウェア・グッズも豊富な品揃え！【学生特典有り】【年間販売実績150万枚以上】,https://www.rub-lab.com/
1,オリジナルTシャツを何処よりも安く作成・プリント！エスグラフィック,オリジナルTシャツならどこよりも安く作成・プリントのエスグラフィック | プリント料激安。送料格安。 1万円以上で送料無料。ポイント還元あり。版は永久保存。詰めも全品無料と6つの特典がございます。些細な疑問でもまずはお気軽にご連絡くださ い。,https://www.esgraphic.co.jp/
1,オリジナルTシャツ製作 実績業界トップクラス【チットプラス】,オリジナルTシャツ作るなら業界トップクラスの実績を誇るチットプラスへ。自社工場だから短納期で印刷も高品質、1枚から大量ロットまで激安で制作できます。話題のフルプリントもオーダーメイドできます。,https://www.cittoplus-wear.com/
1,オリジナルＴシャツ最短２日発送 | Tシャツ作成インファクトリー,プリント代1枚60円〜、国内最大級工場で高品質。お客様の声3000件以上。版永久保存。Tシャツを頼み忘れた方、他社で断られた方、まだ間に合います。一度ご相談ください。 他社で断られた案件も歓迎・経験豊富なスタッフが担当・大口注文も対応。大幅割引・無料で簡単見積もり。,https://www.infac-planning.com/item/list.html?category=7&gclid=EAIaIQobChMIvMb0__7b4wIVhraWCh0Img_7EAMYASAAEgI3I_D_BwE
1,オリジナルTシャツ作成なら | オリジン（公式）‎,フルカラープリントからシンプルなクラTまで幅広く対応！３万円以上で送料無料。インクジェット対応・デザイン相談も大歓迎・3万円以上で送料無料。,https://www.origin-infinity.biz/?utm_source=google&utm_medium=cpc&utm_campaign=SN&gclid=EAIaIQobChMIvMb0__7b4wIVhraWCh0Img_7EAMYAiAAEgIEZvD_BwE
1,東京でプリントＴシャツ作るなら | 激安作成チットプラス‎,"""業界最安値クラス""無料見積 プロ御用達の高品質を全国発送 ! 豊富な製作例・フルオーダーウェア・自社工場完備・無料カタログ・デザイン集・簡単デザインシステム・当日出荷プラン・簡単無料見積り。",https://www.cittoplus-wear.com/?gclid=EAIaIQobChMIvMb0__7b4wIVhraWCh0Img_7EAMYAyAAEgK8t_D_BwE
1,安心激安オリジナルTシャツ制作 | 最短当日出荷 | rub-lab.com‎,オリジナルTシャツ制作のお悩みたくさんありますよね…。価格・デザイン・納期などのお悩み。お気軽にご相談下さい！専任スタッフが最適なご提案をいたします。お客様満足度97.7% そうだ、Tシャツつくろう。 チームのみんなと。 クレジット払いOK・お客様紹介900件以上。,https://www.rub-lab.com/cp/landing/index2-1.php?ADID=gl_01&utm_source=google&utm_medium=cpc&gclid=EAIaIQobChMIgYru7oHc4wIVxKmWCh0vIgzGEAAYASAAEgJ3xPD_BwE
1,ユニフォームの企画から生産まで | 本当に着たい「良い」制服を作る‎,全国500社以上の縫製工場、20名以上のデザイナーと契約し、貴社オリジナルのユニフォームを生産。お気軽なご相談からお問い合わせまで、専門のコンシェルジュが丁寧に対応。詳しくはこちら。無料で会員登録・ブランディング・顧客満足度UP・採用力強化。,https://sitateru.com/uniform/?gclid=EAIaIQobChMIgYru7oHc4wIVxKmWCh0vIgzGEAAYAiAAEgIHpPD_BwE
1,Tシャツ｜オリジナル Tシャツのプリント 作成 製作ならオリジナルプリントで！,Tシャツ プリントを激安価格で作成するならオリジナルプリント。Webでデザイン・見積・納期もWebで確認、1枚からでも驚くほど簡単に注文が可能です。最短で即日出荷が可能です。インクジェット、シルクスクリーン、転写プリント等各種加工方法がTシャツに応じ …,https://originalprint.jp/tshirts
？,オリジナルTシャツ激安作成 | 対応も高クオリティ | cittoplus-wear.com‎,"""業界最安値クラス""無料見積 プロ御用達の高品質を全国発送 ! 簡単無料見積り・フルオーダーウェア・豊富な製作例・デザイン集・自社工場完備・無料カタログ・当日出荷プラン・簡単デザインシステム。",https://www.cittoplus-wear.com/lp/?gclid=EAIaIQobChMItM_gxoLc4wIVET5gCh1IvwddEAAYASAAEgJ68_D_BwE
1,"簡単にオリジナルステッカー印刷 | 激安の1000枚3,550円～製作可能‎","ステッカー・シール・ラベル印刷！自分だけのカスタムステッカー作成はステッカージャパンで！ 低価格保証・24時間365日注文受付・豊富な素材・送料無料・製品: アート紙ステッカー, ユポステッカー, 透明ステッカー, 屋外用ステッカー。",https://www.stickerjapan.com/?gclid=EAIaIQobChMItM_gxoLc4wIVET5gCh1IvwddEAAYAiAAEgL2ofD_BwE
1,最短翌日発送の業務用ラベル印刷 | 大量ロット印刷も格安で対応中‎,販促・商業用シール、ラベルなど 自社工場の強みを活かしどんな注文もスピーディに,https://www.nlj.jp/?utm_source=adwords&utm_medium=cpc&gclid=EAIaIQobChMItM_gxoLc4wIVET5gCh1IvwddEAAYAyAAEgLbz_D_BwE
1,ステッカー印刷のサンコー産業 | 創業40年に渡る、大きな信頼‎,妥協を許さないクオリティー、価格、納期／担当が伺い、ご希望通りのシールを作成,https://www.label-sanko.jp/?gclid=EAIaIQobChMItM_gxoLc4wIVET5gCh1IvwddEAAYBCAAEgKvBvD_BwE
1,ステッカー作成をオリジナルステッカーで発注 - シール印刷のシール直送便,ステッカー作成・印刷なら屋外で利用できるオリジナルステッカーを作成できます。短期用のステッカーが格安です。シール印刷のシール直送便へおまかせください。,https://weblabels.net/sticker/
1,ステッカー屋: ステッカー・カッティングシート製作専門サイト,オリジナルステッカー専門店です。屋外用のプリントステッカーが53円～、激安価格にて製作いたします。カッティングシートはサンプル書体を使って簡単作成。またフリーソフトを使ったデータの作り方など自分好みのステッカーが製作できます。,https://www.sticker.jp/
1,激安シール印刷・ステッカー印刷・ラベル印刷作成【アドプリント】,今月はシングルタイプ（ラミ無し）が50％OFF! フルカラーシール・ステッカー印刷100枚990円！税込み価格表示で見積もり不要！ステッカー作成やシール作成、ラベル印刷ならアドプリント.,https://www.adprint.jp/Product/Sub/st.aspx?Code=st
1,オリジナルステッカー製作のCITTO PLUS,オリジナルステッカーの製作はCitto+にお任せください！当社のオリジナルステッカーは屋外使用可能！業界最安値クラスでご提供いたします！,https://www.cittoplus.com/sticker/
1,オリジナルステッカー・シールの激安サイト｜ステッカー製作屋,オリジナルステッカー、シール製作の老舗です。フルカラーステッカーなら30枚で6300円から、オンデマンドシールは100枚で3600円から製作できます。他にもシルク印刷やカッティングシートなどステッカーやシールのことならお任せください。,https://www.e-anfini.co.jp/sticker/
1,ステッカー作成が安い！オリジナルでも早い！ステッカー印刷は電脳 …,ステッカー作成を格安で。オリジナルデータをそのまま印刷します。防水のため車ステッカーとして人気です。痛車、痛チャリステッカーはもちろんノベルティグッズや販促用もできます。早くて安くて高品質なステッカーは電脳ステッカー。,https://sticker.denno-saurus.com/
1,StickerApp: オリジナルステッカーを作ろう！,オリジナルステッカーを作ろう！ 北欧発のステッカー印刷会社です。 お好きな画像をアップロードするだけで、切り抜き線を自動生成！ 高品質で自由な形のステッカーを追加料金無しで作成できます。 お急ぎ便は4日以内に発送。 世界中のクリエイターがデザイン …,https://stickerapp.jp/
1,シール印刷・ステッカー印刷・ラベル印刷 - ネット印刷は【印刷通販 …,"￥780～
シール・ステッカー・ラベル印刷（オンデマンド印刷）. 明瞭な価格 ... ステッカー印刷. 例）エコノミーステッカー／12.5cm. 100部／1,980円～. 詳しくはこちら. ステッカー印刷イメージ. ご注文前に必ずお読みください。 ... 簡単にオリジナルのステッカーが作成できるステッカー印刷。 ... シール制作はグラフィックさん以外にお願いすることはなくなりました。",https://www.graphic.jp/lineup/sticker
1,ステッカー製作専門店「車・バイク・社名にステッカー作成」,ステッカー製作専門店。車･バイク･看板･社名「カッティングステッカー」「フルカラーステッカー」をオリジナルデザインでステッカー製作。屋外でも安心して貼れる高品質シートでステッカー作成。ステッカーに関する事はお気軽にお問い合わせ下さい。,https://k-design2001.com/
1,業務用ステッカーの作成専門店 | 様々なサイズ・大量ロットに対応‎,"お客様のご要望に合わせてどんなサイズや大量ロットでも対応いたします。 オリジナルデザイン可・専門担当がサポート・ネットで簡単見積り・豊富な相談実績・豊富な品揃え・タイプ: 商品ラベル, 食品ラベル, ポップシール, アテンションシール, 車用ステッカー, 透明シール。",https://www.xn--ncke3d3fqb.com/seal/?gclid=EAIaIQobChMItM_gxoLc4wIVET5gCh1IvwddEAMYASAAEgKsovD_BwE
1,激安ステッカー作成【ラクスル】 | 業界最安級／ステッカー0.6円～‎,激安シール印刷。豊富な無料デザインテンプレート！充実のカスタマーサポート。 高品質・低コストで顧客満足度No.1、ロゴステッカーやパッケージシール、販促用シールもお任せ！ 24時間受付対応可能・全国送料無料・法人印刷のコスト削減・テレビCM無料相談・無料会員登録。,https://raksul.com/sticker/?utm_source=google&utm_medium=cpc&utm_campaign=gsem_sticker_08&gclid=EAIaIQobChMItM_gxoLc4wIVET5gCh1IvwddEAMYAiAAEgI0mfD_BwE
1,[ステッカーWEB] | フルカラー印刷、1枚から製作‎,アスファルトステッカーは駐車場、歩道などアスファルトやコンクリートに貼れるステッカーです。 短期間のレンタカー等には弱粘ステッカーが貼りやすく剥がしやすく便利です。 格安ステッカー作成・バイク、自転車ステッカー・カッティングステッカー・ダンプゼッケン・痛車ステッカー作成。,https://sign-f.tv/fsticker/?gclid=EAIaIQobChMItM_gxoLc4wIVET5gCh1IvwddEAMYAyAAEgIm8PD_BwE
1,"簡単にオリジナルステッカー印刷 | 1000枚3,550円～低価格で製作","ステッカー・シール・ラベル印刷！自分だけのカスタムステッカー作成はステッカージャパンで！ 24時間365日注文受付・送料無料・低価格保証・豊富な素材・製品: アート紙ステッカー, ユポステッカー, 透明ステッカー, 屋外用ステッカー。",https://www.stickerjapan.com/?gclid=EAIaIQobChMIu4Dc7YXc4wIV0auWCh0FrQ7eEAAYASAAEgJtRPD_BwE
1,ステッカー・シールラベル印刷が激安 | 印刷通販【メガプリント】,メガプリントのステッカー印刷・シール印刷は写真も綺麗な高品質オフセット印刷なのに格安・激安で作成することが可能です。 ... カットの仕方も格安で制作することが出来る四角ステッカーから台紙までカットできる全抜きステッカー、シート状にハーフカットを配置 …,https://www.megaprint.jp/OrderInfo?viewName=Sticker
1,カッティングステッカー、切り文字ステッカー作成の激安専門店！,カッティングステッカー、切り文字ステッカー作成の事ならお任せ下さい！1枚から激安で作成します！自作では難しい、細かいデザインも最新機械でオーダー作成可能です！用途に合わせたシートも豊富にご用意！当店のシートは簡単に貼り付け、剥がせます！,https://arrowss.com/
1,ステッカー印刷-小ロット対応｜印刷通販【デジタ】,ステッカー印刷のネット通販デジタは驚きの激安価格で高品質なステッカー印刷を実現。屋外用フルカラーステッカーを、より自由に激安価格で制作することが可能になりました。長期間の使用にも耐えられる耐候インクを使用し、車やバイクに貼っても使える …,https://www.digitaprint.jp/seal_lot.php
0,八王子で行きつけにしたいバー人気店20選 - Retty,2019/06/13 - 実名口コミNo.1のグルメサイトRettyでは、【ここでしか見つからない】八王子 バーのお店探しをサポートします！「八王子 バー」の人気店・穴場のお店など20選+αを紹介。実名で信頼できる口コミから、あなたにあったお店探しを楽しめます。,https://retty.me/area/PRE13/ARE3/SUB302/LCAT1/CAT410/
0,八王子市で行きつけにしたいバー人気店20選 - Retty,2018/12/20 - 実名口コミNo.1のグルメサイトRettyでは、【ここでしか見つからない】東京都 八王子市 バーのお店探しをサポートします！「東京都 八王子市 バー」の人気店・穴場のお店など20選+αを紹介。実名で信頼できる口コミから、あなたにあったお店 …,https://retty.me/area/PRE13/LCAT1/CAT410/city/13201/
0,八王子市のおすすめバー・お酒 [食べログ],日本最大級のグルメサイト「食べログ」では、八王子市で人気のバー・お酒のお店 141件を掲載中。口コミやランキング、こだわり条件から失敗しないおすすめのお店が探せます。バーのお店が多いです。この条件に合致するお店は八王子のShamrock（スポーツ …,https://tabelog.com/tokyo/C13201/rstLst/bar/
0,八王子市のバー・カクテルランキングTOP10 - じゃらんnet,八王子市のおすすめバー・カクテル16ヶ所をセレクト！おすすめのサザンラウンジやバー フーリガンJなどを口コミランキングでご紹介。八王子市のバー・カクテルスポットを探すならじゃらんnet。,https://www.jalan.net/gourmet/cit_132010000/g1_3G012/
0,八王子の夜をオシャレに過ごそう おすすめバー8店 | icotto（イコット）,2016/09/01 - 東京都だけど、八王子って少し田舎？そんな風に思っていませんか？八王子駅付近は、買い物をする場所や飲み屋も豊富。そしてオシャレなバーだってあるんです！外国の方も多く利用するバーや、しっとりと一人飲みできるバーなで、幅広く …,https://icotto.jp/presses/3512
0,バー (酒場) - Wikipedia,バー（英：bar）とは酒場、飲酒店のことである。イギリスではこのスタイルの酒場をパブと称する。類似呼称にパブがある。 日本で「バー」の看板を掲げる場合は、カウンターでカクテルや水割りなど酒類を提供する店舗が多く、酒類を提供する風俗店や娯楽を提供 …,https://ja.wikipedia.org/wiki/%E3%83%90%E3%83%BC_(%E9%85%92%E5%A0%B4)
0,【人気店が見つかる！】八王子のバー・バル・ダイニングバーでおすすめ …,【ぐるなび】八王子市 バー・バル・ダイニングバー グルメ・レストランをお探しなら日本最大級のレストラン公式情報サイト「ぐるなび」にお任せ。八王子市 バー・バル・ダイニングバー グルメなレストラン情報が満載で店舗情報やメニュー・クーポン・地図などの情報も …,https://r.gnavi.co.jp/area/aream2288/beerandcuisine/rs/
0,レストラン＆バー ZERO（ゼロ）（八王子/ダイニングバー） - ぐるなび,レストラン＆バー ZERO（ゼロ）（八王子/ダイニングバー）の店舗情報をご紹介。お店のウリキーワード：歓送迎会 追コンなど。ぐるなびなら店舗の詳細なメニューの情報やクーポン情報など、「レストラン＆バー ZERO（ゼロ）」の情報が満載です。日常と離れた本格 …,https://r.gnavi.co.jp/g297205/
0,DINING Bar KOTOBUKI コトブキ(八王子/ダイニングバー・バル)＜ネット …,【ネット予約可】DINING Bar KOTOBUKI コトブキ（ダイニングバー・バル/洋・和洋・各国料理・その他）の予約なら、お得なクーポン満載、24時間ネット予約でポイントもたまる【ホットペッパーグルメ】！おすすめは各種誕生日・記念日特典をご用意！シャンパン・ …,https://www.hotpepper.jp/strJ001037037/
0,Bar slow(八王子/バー・カクテル) | ホットペッパーグルメ,Bar slow（八王子/バー・カクテル/バー・カクテル）の店舗情報・予約なら、お得なクーポン満載【ホットペッパーグルメ】！Bar slowのおすすめポイントは、外観はこちら。ぜひお越しください♪ 一人でも行ってもよし。複数人でもよし。カウンタ-の店長とお話ししてみて …,https://www.hotpepper.jp/strJ000729897/
0,田舎の島にオタクBAR | マンガ、ゲームをお酒で楽しむ‎,マンガやゲームをしながら、また会話をしながら美味いお酒を飲めるお店です,http://kokudouzuki.blog69.fc2.com/
1,こだわりのバーなら | un petit peu‎,町田駅より10分／角打ちワインショップ！その場でワインやおつまみもご用意してます,https://localplace.jp/t200374948/
1,こだわりのバーなら | BAR Unite‎,新宿駅５分／ドリンクの種類は幅広く揃えております。接待の場にも是非ご利用下さい,https://bar-unite.business.site/
0,八王子駅のおすすめ居酒屋 - tabelog.com‎,失敗しない居酒屋選びを、月間1億人以上が利用する食べログで！ ダントツの掲載店舗数・口コミ数・写真数。食べログ公式。掲載店舗数がダントツ・ネット予約受付中・予約人数分のT-POINT付与・ネット予約可能日時を掲載。,https://tabelog.com/tokyo/A1329/A132904/R7919/rstLst/izakaya?cid=yo_ju_g&gclid=EAIaIQobChMIlb2szYnc4wIVWbaWCh2ilg9gEAAYASAAEgJ8hvD_BwE
0,Amazonバー | コンビニ、代引き、ATM払いも‎,"プライムなら、対象商品は配送料無料。スマホアプリあり・四億種の品揃え・PC、携帯でいつでも買い物・二億種の品揃え・ブランド: Echo, Kindle, Fire TV, Prime Video, Prime Music, Prime Student。",https://www.amazon.co.jp/s?k=%E3%83%90%E3%83%BC&i=sporting&adgrpid=54012017420&gclid=EAIaIQobChMIlb2szYnc4wIVWbaWCh2ilg9gEAAYAyAAEgIH9PD_BwE&hvadid=259183772809&hvdev=c&hvlocphy=1009285&hvnetw=g&hvpos=2t3&hvqmt=e&hvrand=6512968823540510398&hvtargid=kwd-938040092&hydadcr=25654_9640388&jp-ad-ap=0&tag=googhydr-22&ref=pd_sl_4cn9hzl5gj_e
1,メインバー＜プラフォン＞ | 八王子のレストランなら京王プラザホテル八王子 …,京王八王子駅から徒歩3分の「京王プラザホテル八王子」のバー＜プラフォン＞で心やすらぐひとときを。豊富なお酒とアラカルトをご用意。四角錐を連ねた天井が不思議なムードを醸し出します。,https://www.keioplaza.co.jp/hachioji/restaurant/list/pla
1,八王子アニソンDJバー Gluck(グリュック),Gluck(グリュック)は八王子にあるアニソンDJバーです。毎日、夜7時から朝5時まで毎日、朝まで営業しています。,http://gluck-ltd.com/
1,東京都八王子市｜おすすめスポーツカフェ・スポーツバー｜スポカフェ …,東京都八王子市｜おすすめスポーツカフェ・スポーツバー｜スポカフェ. 6店見つかりました. Sports Bar Shamrock. バスケットボール、ラグビー、テニス、野球(日本シリーズ）、 ... 知る人ぞ知る！FC東京が応援できる隠れ家風バー. 東京 · 八王子市 · 東町 · 八王子 …,https://www.spocafe.jp/shop/%E5%85%AB%E7%8E%8B%E5%AD%90%E5%B8%82/
1,シーン（SCENE）- 八王子/フレンチ,ご挨拶. 厳選した旬の素材を使った身体に優しい、気軽なフランス料理と木・鉄・石を組み合わせたシックで落ち着いた雰囲気のショットバーをお楽しみください。 ... で美味しいSCENEのパーティーはいかがでしょうか。 詳しくはこちら · RESTAURANT BAR …,http://www.hachioji-scene.com/
0,【公式】スコッチ＆ワイン Member's Bar D - バー｜グルメ - 八王子の地域 …,営業時間 ：20：00～1：00(不定期でランチも営業しています) 定休日 : 不定休 場所 ：JR中央線西八王子駅の北口ロータリー前 facebook :「Member's Bar D」facebook （不定休な為、毎週月曜日にその週の営業予定を掲載） お店の紹介:Member's Bar DはJR …,https://hachi-navi.com/gourmet/bar/144478
0,過去19年分のM&A情報を網羅 | 買い手売り手を一覧で確認‎,"国内、海外のM&Aニュースを一覧でチェック。 新着情報のメール通知で最新情報を逃さずキャッチ。 560業界の独自レポート・競合財務比較も一瞬・国内上場企業3,600社データ・インドネシア業界概要250種・M&Aデータ150万件以上・国内未上場115万社データ・ワンクリック資料自動作成。",https://jp.ub-speeda.com/c_6/?utm_source=google&utm_medium=cpc&utm_campaign=KT_kigyo&utm_content=kigyo&utm_term=%E4%BC%81%E6%A5%AD_b&gclid=EAIaIQobChMI77qEkovc4wIVmbaWCh3ZEgQJEAAYASAAEgIGk_D_BwE
1,公式／日産自動車ホームページ | あなたにピッタリの日産車を検索‎,"軽自動車からミニバンまで。あなたにピッタリの車選びをサポート。 オーナーの口コミ・充実の購入サポート機能・気になるクルマとの比較・簡単見積り機能・タイプ: 電気自動車, ミニバン, 軽自動車, SUV。",http://www.nissan.co.jp/CARLINEUP/?sclisid=LS_TIJ_99_GO_GLIS_PC_00408035&gclid=EAIaIQobChMI77qEkovc4wIVmbaWCh3ZEgQJEAAYAiAAEgLqAvD_BwE
0,自動車業界 : 企業一覧 : 日経会社情報DIGITAL : 日経電子版,普通自動車及び軽自動車、トラック、バス、自動二輪車（バイク）、原動機付自転車の製造等に関する業界動向や最新ニュースの配信。ハイブリッドカー、電気自動車（EV）や水素自動車（FCV）などのエコカーについての最新情報・ニュースを配信。個別企業の …,https://www.nikkei.com/nkd/industry/complist/?n_m_code=041
0,自動車製造者の一覧 - Wikipedia,自動車製造者の一覧では、自動車の製造を行う企業・団体を羅列する。 名前から車種を調べたい場合は、自動車の車種名一覧を参照のこと。 目次. 1 主な製造者・ブランド; 2 日本の製造者・ブランド. 2.1 メジャー; 2.2 マイナー. 3 過去に存在した製造者・ブランド …,https://ja.wikipedia.org/wiki/%E8%87%AA%E5%8B%95%E8%BB%8A%E8%A3%BD%E9%80%A0%E8%80%85%E3%81%AE%E4%B8%80%E8%A6%A7
0,自動車製造業界の会社一覧（全国）｜Baseconnect,動車製造業界の会社（株式会社・有限会社・NPO法人など）・企業を一覧にまとめました。業界や売上高、従業員規模などでさらに絞込が可能です。大手企業・上場企業から中小企業・ベンチャーまで幅広く会社情報をご覧いただけます。,https://baseconnect.in/companies/category/ea1b1d82-f713-45da-b755-ffc9c6e57cb1
0,日本の自動車メーカーに転職したグローバル人材、感じる4つのギャップ ...,2019/06/14 - 私は転職エージェントとして、日々、AI（人工知能）やロボティクスなど先端技術領域の方々とお会いし、主に自動車業界への転職について情報提供や支援をしています。こうしたエンジニアの声を聞き、私は強い危機感を抱いています。,https://tech.nikkeibp.co.jp/atcl/nxt/column/18/00577/060700011/
1,会社概要 | 会社案内 | 企業情報 | 日野自動車,"日野自動車の企業情報をご提供いたします。 ... 製 品, トラック・バス、小型商用車・乗用車（トヨタ自動車（株）よりの受託車）、各種エンジン、補給部品等. 売上高, 1,837,982百万円**. 営業利益, 80,331百万円**. 経常利益, 80,422百万円**. 当期純利益, 51,361 …",https://www.hino.co.jp/corp/about_us/corporate_information.html
1,企業情報 | 日野自動車,"企業情報. トップメッセージ, ニュースリリース＆お知らせ. 会社概要, 役員紹介. 基本理念, 日野行動指針. シンボルマーク, HINOエンブレム. 沿革, 国内拠点. 海外拠点, 日野グループサプライヤー. 日野とトヨタグループ, 企業スポーツ活動. 会社案内 …",https://www.hino.co.jp/corp/about_us/index.html
0,八王子市 企業ランキング 1～98位 | ランキング | イプロス製造業,製造業エンジニア向け情報サイト イプロスの企業ランキング 八王子市 です。 ... 東京都／自動車・輸送機器 大切なお客様と思いやりを持って接し、社会の一員として「役に立つ」ことをわすれずに、こだわりをもって、商品を提供し続けます。 物流器機、静電気対策 …,https://www.ipros.jp/ranking/company/area/city/13201/
0,八王子企業情報 - 八王子商工会議所,"八王子企業情報は会員企業限定です。 リンクをご希望の方 .... 多摩火薬機工(株), 土木一式工事・倉庫業・貨物自動車運送事業・火薬類の販売等. (有)玉光電機工業 .... グッズ企画製造. (株)オートピアオートバックス八王子石川工業団地店, 自動車用品小売業.",https://www.hachioji.or.jp/Link/kigyoulink.shtml
0,自動車業界の業界研究！各メーカーの特徴、年収、業界動向など …,"2017/09/15 - 自動車産業といえば、日本を代表する産業の一つです。 トヨタ、ホンダ、日産など、日本だけでなく世界的に有名な企業が多く存在しています。 知名度が高く、製品も身近であるため、志望業界を悩む方にとっては選択肢に挙がりやすいのでは ...
広告",https://01intern.com/magazine/archives/12028
0,M&Aプラットフォーム | 【公式】ビズリーチ・サクシード‎,M&Aで売上増加や販路拡大をしたい企業様へ。譲渡案件は常時1500件以上掲載のM&Aプラットフォーム。M&A案件をお探しならまずは無料登録。1500件以上の案件から無料で検索し、繋がれます。 登録,https://br-succeed.jp/lp/cs/04?trcd=GOSH0001AL&utm_source=google&utm_medium=cpc&utm_campaign=cpc_google_cs_04&utm_content=N_04_01&gclid=EAIaIQobChMI-J-AhIzc4wIVQnZgCh2NyQvREAMYASAAEgJ3H_D_BwE
1,公式／MAZDA | Be a driver.‎,"マツダは人間に合わせてクルマをつくる。挑みつづける マツダのクルマづくり。 クレジットプランのご提案・車両メンテナンス・マツダ車体感イベント・試乗予約・車検点検・カタログ請求・タイプ: SUV, コンパクトカー, セダン, ワゴン, スポーツカー, オープンカー, クーペ, ハッチバック。",https://www.mazda.co.jp/?gclid=EAIaIQobChMI-J-AhIzc4wIVQnZgCh2NyQvREAMYAiAAEgLitvD_BwE
1,公式／フォルクスワーゲンHP | 世界で愛され続けるワーゲン。‎,"色あせない長く乗れるデザイン。より高品質な車を多くのお客様へ。 様々なWebサービスをご提供・試乗キャンペーン実施中・Volkswagen情報をお届け・多彩なモデル情報を掲載・タイプ: ハッチバック, コンパクトカー, エコカー, PHEV, セダン, クーペ, ミニバン, SUV。",https://www.volkswagen.co.jp/ja.html?tc=sem-20051&cm_mmc=sem-_-NGW_201711_01-_-type-_-c20051&vgj_campaign_cd=NGW_201711_01_20051
1,企業情報 | 三菱自動車 - Mitsubishi Motors,三菱グループ三綱領と三菱自動車のビジョン・ミッション、企業プロファイル、役員一覧、事業所・関連施設、主要関連会社、沿革などをご紹介します。,https://www.mitsubishi-motors.com/jp/company/
1,企業プロファイル | 企業情報 | MITSUBISHI MOTORS,企業プロファイル. MITSUBISHI MOTORS Drive your Ambition. 会社名：三菱自動車工業株式会社. 本社所在地：〒108-8410 東京都港区芝浦三丁目1番21号. 地図ページはこちら. 取締役会長 代表執行役：益子 修. 取締役 代表執行役CEO：加藤 隆雄.,https://www.mitsubishi-motors.com/jp/company/profile/?intcid2=company-profile
1,企業情報 | トヨタ自動車株式会社 公式企業サイト,トヨタ企業サイト「企業情報」をご紹介します。トヨタはあらゆる事業活動を通じて、豊かな社会づくりに貢献し、すべてのステークホルダーから信頼される良き企業市民を目指しています。その礎となる経営理念をはじめ、トップメッセージ、会社概要、トヨタの歩みなど …,https://global.toyota/jp/company/
1,トヨタ自動車株式会社 公式企業サイト,企業情報、投資家情報、ニュースルーム、モビリティ、サステナビリティ、採用情報等、トヨタの企業情報全般を提供するトヨタ自動車の公式企業サイトです。,https://global.toyota/
1,トヨタ | 会社概要 - トヨタ自動車,トヨタ企業サイト「会社概要」をご紹介します。会社概要、役員、事業内容、生産・販売実績、およびトヨタグループについてのご案内です。,https://global.toyota/jp/company/profile/overview/
0,日系自動車企業が自動運転市場で生き残るための3つの「カイゼン」 | DOL …,019/05/27 - 25年以上にわたり、自動車の最新テクノロジーの動向を調査してきたVSI Labsの創立者フィル・マグニー氏が、同社作成の自動運転エコシステムマップを基に現在の自動運転市場を分析し、今後の自動運転市場の構築において重要になる …,https://diamond.jp/articles/-/203382
0,「自動車業界96社」平均年収ランキング | プレジデントオンライン,2017/12/21 - プレジデントオンラインでは全上場企業の「平均年収ランキング」を作成した。今回はそのうち自動車会社など「輸送用機器」に分類される96社のデータを紹介する。このうち日本最大の企業であるトヨタ自動車は2位だった。業界1位の意外な名前 …,https://president.jp/articles/-/23974
